[
  {
    "id": 3,
    "title": "Making wearable medical devices more patient-friendly with Professor Esther Rodriguez-Villegas from Acurable",
    "image": "https://techcrunch.com/wp-content/uploads/2022/05/found-2022-featured.jpg?w=430&h=230&crop=1",
    "category": "Health",
    "author": "Darrell Etherington",
    "authorPic": "/author1.jpg",
    "published_date": "October 4, 2023",
    "reading_time": "8 minutes",
    "content": "Welcome back to Found, where we get the stories behind the startups. This week, our old friend Darrell Etherington joins Becca Szkutak to talk with Professor Esther Rodriguez-Villegas from Acurable...",
    "tags": ["Biotech", "Health"]
  },
  {
    "id": 4,
    "title": "Rainforest raises $8.5M to help software companies embed financial services, payments",
    "image": "https://techcrunch.com/wp-content/uploads/2015/02/shutterstock_128451140.jpg?w=430&h=230&crop=1",
    "category": "Fintech",
    "author": "Mary Ann Azevedo",
    "authorPic": "/author1.jpg",
    "published_date": "2023-10-01",
    "reading_time": "5 minutes",
    "content": "In November 2019, Andreessen Horowitz General Partner Angela Strange famously declared that, “Every company will be a fintech company.” Specifically, Strange projected that — in the not-too-d...",
    "tags": ["Fintech", "Writing"]
  },
  {
    "id": 5,
    "title": "Pow.bio says biomanufacturing is broken and its continuous fermentation tech will fix it",
    "image": "https://techcrunch.com/wp-content/uploads/2023/10/Pow-Lab2.jpg?w=430&h=230&crop=1",
    "category": "Startups",
    "author": "Christine Hall",
    "authorPic": "/author1.jpg",
    "published_date": "2023-10-01",
    "reading_time": "5 minutes",
    "content": "Pow.bio intends to bring down the costs associated with biomanufacturing by reimagining of fermentation facility operations.",
    "tags": ["Startups", "Writing"]
  },
  {
    "id": 6,
    "title": "Recapitalization, $60M Series D support growth of e-commerce financier Clearco",
    "image": "https://techcrunch.com/wp-content/uploads/2022/07/GettyImages-1314165902.jpg?w=430&h=230&crop=1",
    "category": "Fintech",
    "author": "Christine Hall",
    "authorPic": "/author1.jpg",
    "published_date": "2023-10-01",
    "reading_time": "5 minutes",
    "content": "Today is news marks a turnaround for a company that is had its share of ups and downs over the past year.",
    "tags": ["Blogging", "Writing"]
  },
  {
    "id": 7,
    "title": "Rabbit is building an AI model that understands how software works",
    "image": "https://techcrunch.com/wp-content/uploads/2023/05/GettyImages-1325174870.jpg?w=430&h=230&crop=1",
    "category": "AI",
    "author": "Kyle Wiggers",
    "authorPic": "/author1.jpg",
    "published_date": "2023-10-01",
    "reading_time": "5 minutes",
    "content": "What if you could interact with any piece of software using natural language? Imagine typing in a prompt and having AI translate the instructions into machine-comprehendable commands, executing tas...",
    "tags": ["AI", "Writing"]
  },
  {
    "id": 8,
    "title": "Okta plans to weave AI across its entire identity platform using multiple models",
    "image": "https://techcrunch.com/wp-content/uploads/2023/10/GettyImages-1350618660.jpg?w=430&h=230&crop=1",
    "category": "Security",
    "author": "Ron Miller",
    "authorPic": "/author1.jpg",
    "published_date": "2023-10-01",
    "reading_time": "5 minutes",
    "content": "One thing is clear this year: generative AI is having a tremendous impact on the software industry, and a week doesn’t pass without software companies announcing their plans to incorporate the seem...",
    "tags": ["Security", "Writing"]
  },
  {
    "id": 9,
    "title": "Yubico can now ship pre-registered security keys to its enterprise users",
    "image": "https://techcrunch.com/wp-content/uploads/2023/10/yubikey.jpg?w=430&h=230&crop=1",
    "category": "Enterprise",
    "author": "Frederic Lardinois",
    "authorPic": "/author1.jpg",
    "published_date": "2023-10-01",
    "reading_time": "5 minutes",
    "content": "Physical security keys remain one of the best ways to secure user accounts, but the fact that new users have to register them before they can use them often adds quite a bit of friction. Yubico, th...",
    "tags": ["Blogging", "Writing"]
  },
  {
    "id": 10,
    "title": "Resy and Eater co-founder raises $24M for Blackbird, a restaurant loyalty platform",
    "image": "https://techcrunch.com/wp-content/uploads/2022/05/GettyImages-1238043769.jpg?w=430&h=230&crop=1",
    "category": "Startups",
    "author": "Kyle Wiggers",
    "authorPic": "/author1.jpg",
    "published_date": "2023-10-01",
    "reading_time": "8 minutes",
    "content": "Blackbird Labs, a hospitality tech company whose platform helps restaurants stay in touch with guests and incentivize them to dine out more frequently, today announced that it raised $24 million in...",
    "tags": ["Startups", "Writing"]
  },
  {
    "id": 11,
    "title": "TC Startup Battlefield master class with Flourish Ventures: Defining early-stage product-market fit",
    "image": "https://techcrunch.com/wp-content/uploads/2023/10/battlefield-biotics-ai.jpg?w=430&h=230&crop=1",
    "category": "Growth",
    "author": "Neesha A. Tambe",
    "authorPic": "/author1.jpg",
    "published_date": "2023-10-01",
    "reading_time": "5 minutes",
    "content": "Lorem ipsum dolor sit amet, consectetur adipiscing elit...",
    "tags": ["Growth", "Writing"]
  }
]
